{"max": [-0.0124668, 0.609563, 1.61312], "centroid": [-0.3878436240647485, 0.3174022537482496, 0.7707131649191464], "id": "2a0dad4f32251b353ffe0e5069bf1eb5", "numVertices": 25207, "min": [-0.76648, -0.000541891, -0.0130855]}
