{"max": [-3.48319, 45.1148, 109.456], "centroid": [-27.09040841543266, 17.879625150872418, 60.51718151017144], "id": "d6b7bb6c6203fd9590f0aa5ae25c9b7e", "numVertices": 55643, "min": [-49.1568, 1.36194, 5.5186]}
