{"max": [1.8223, 1.54347, 3.81434], "centroid": [0.8441200258517751, 0.5335224829700456, 1.3136894496222862], "id": "7022a37dd7fc841ce98e65cfc071e8a0", "numVertices": 54868, "min": [-0.168586, -0.0168947, -0.972498]}
