{"max": [0.878037, 1.7879, 3.75032], "centroid": [-0.0403671436748712, 0.6623133500695083, 2.0365843250470146], "id": "24d7494c6b92c6e7c1bbb501b1d87871", "numVertices": 12229, "min": [-0.92534, 0.034505, 0.09384]}
